{"hyper_params": {"dtw_inertia": false, "init": "k-means++", "max_iter": 50, "max_iter_barycenter": 100, "metric": "softdtw", "metric_params": {"gamma": 0.06}, "n_clusters": 3, "n_init": 100, "n_jobs": null, "random_state": 0, "tol": 0.0005, "verbose": false}, "model_params": {"cluster_centers_": [[[-0.6108350916179194], [0.10904611526317314], [-0.026657576811782418], [-0.06344381232848052], [0.1261775228774887], [0.6069463740891694], [0.3736476259154383], [0.33558359398612114], [1.1843975378634026], [0.2763400422254552], [-0.09671329056319077], [-0.16936316114559824], [-0.21918359621274786], [-0.47961851416022117], [-0.5495407114848812], [-0.6000973830557713], [-0.6402109142378591], [-0.684708216058064], [-0.7512061655986972], [-0.8226367005459254], [-1.1217966014772427], [-0.7262572357700285], [-0.5564543774897446], [0.04889674475237519], [-0.8581686571717387], [-1.1065061273453651], [-0.680140014984358], [-0.5714899736020749], [-0.5427561171147085], [-0.541311489519331], [-0.5211028105907137], [-0.4151178982293058], [0.09360162842558581], [0.7322687892999051], [1.8849673959498412], [1.3240709351088613], [1.112258826148895], [0.577599903258506], [1.1602491830416781], [2.3694938275099804]], [[-1.1859249559081106], [-1.40236993016278], [-1.5673380717916916], [-1.3343895330767528], [-0.8170640149087892], [0.2566367315519716], [-0.04678770091191053], [-0.026698178108153683], [1.260545072573913], [1.67775203277903], [0.7693775959378958], [0.39147953526991763], [-0.18327819290996966], [-0.22807906922530113], [0.07023072464716672], [-0.5761493704893046], [-0.8558425095799087], [-0.21011300490460866], [-1.0193777219751854], [-0.5922141143015105], [-0.2678643161627995], [1.0603302010649263], [1.9549359512889217], [0.36785604045378834], [0.1199941672535289], [-0.17088020210487556], [0.34751866783436897], [0.3787179295776635], [0.35847646878713024], [0.34605890902533376], [0.34436020995592587], [0.3672071811319501], [0.6892769852095709], [0.35366673843818863], [0.3386412025327088], [0.34285742404698816], [0.3616587641127594], [-0.23005937092380851], [0.005629035918450303], [0.5044705166051144]], [[0.007086629201799841], [1.4461201182516374], [1.0224574692197699], [2.509578828946181], [1.553484095045538], [0.4819621080439264], [-0.09946119140321678], [-0.5161354946939869], [-0.8902236044693289], [-0.020496963569216847], [-1.1881381774347095], [-0.8271377052058064], [-0.7219220598424433], [-0.598989997985309], [-0.3017033583824528], [0.2984923664943444], [0.13090228274570517], [0.02291412267811371], [0.9264598170628875], [-0.2704419824781602], [-0.5691390523627502], [-0.5182897195243488], [-0.5091657184118379], [-0.5459890281184542], [-0.39068298526704376], [-0.7130140214863224], [-0.17517771708341232], [-0.4877408855097827], [-0.4946275748443017], [-0.49935266572001846], [-0.5057978830269626], [-0.5136529483999304], [-0.5223249672582332], [-0.5322593725737684], [-0.546245163099361], [-0.5724283421330217], [-0.6249318413219426], [-0.6933239746370272], [-0.5590751375058595], [-0.11511464824388296]]], "inertia_": 53.54911373397154, "labels_": [2, 0, 2, 1, 2, 0, 1, 2, 0, 2, 0, 1, 2, 0, 0, 2, 2, 2, 0, 2, 2, 0, 2, 1, 0, 0, 2, 1, 2, 0, 2, 0, 1, 0, 0, 2, 0, 2, 2, 1, 2, 0, 1, 1, 1, 0, 2, 1, 0, 2, 0, 0, 2, 2, 2, 2, 0, 0, 0, 1, 0, 2, 0, 1, 2, 0, 0], "n_iter_": 50}}