{"hyper_params": {"dtw_inertia": false, "init": "k-means++", "max_iter": 50, "max_iter_barycenter": 100, "metric": "softdtw", "metric_params": {"gamma": 0.06}, "n_clusters": 4, "n_init": 10, "n_jobs": null, "random_state": 0, "tol": 0.0005, "verbose": false}, "model_params": {"cluster_centers_": [[[-1.009207716115958], [-1.2580385588625795], [-1.3040419947876511], [-1.5385903703938186], [-1.1230634820594914], [-1.0509678108373608], [-1.028708765270312], [-1.0176627343472955], [-1.004768357607306], [-0.9569653781767806], [-0.7334817490470333], [-0.0692052225500959], [0.3580975595171754], [1.5730514720157003], [1.3173305878977584], [2.3403369997849937], [1.5151617318102106], [0.7164565668245255], [0.9578274877476997], [1.0871623645995296], [0.5619993667946047], [0.19097519323624476], [-0.34880148384280646], [0.10142193255467999], [-0.5641978140538029], [-0.5702585935159372], [-0.6095102976512419], [-0.6290460803130017], [-0.641204140112081], [-0.664154986504831], [-0.6941062746033875], [-0.7284489548907901], [-1.0203906174027435], [-0.7553460043298329], [-0.46476750058272753], [-0.1355379164335558], [0.5531652390738093], [1.4879634730336775], [0.6144034522645657], [-0.3585563578346276], [-1.2231933902770298], [-0.7060657090061472], [-0.5315617717802128], [-0.4461073005770945], [-0.4312972033979685], [-0.42984563378029633], [-0.3810421727319492], [-0.26692464886178513], [0.09664007624784317], [0.22066635585927216], [0.27148039281019004], [0.28981535104250056], [0.4959837874706401], [1.1535346931313473], [0.40449031005990366], [0.27887213081605683], [0.278421425433163], [0.24540925409670172], [0.1758848329527929], [0.11845805208354818], [0.013029837331192154], [-0.5362501966976349], [-0.14964579154602692], [0.6059480085391328]], [[0.6181896559885871], [0.32835695621628586], [0.2926140493088881], [0.23595440181173236], [0.11896681561609053], [-0.16268621043514375], [0.19700968660552662], [0.5134001694196041], [1.0417180383101283], [0.8162531309476718], [0.6899844338295463], [0.49542340245662303], [0.5111835224805139], [1.4159795197211447], [2.1615413100353824], [1.096444740639218], [0.3922953742815061], [-0.07864958268443566], [-0.012259667040700853], [-0.299617662158425], [-0.42152097854806725], [-0.643404210199921], [-0.7722145752971765], [-0.721125286867895], [-0.5839834435684593], [-0.7833134094939456], [-0.9641372194054826], [-1.058854983608473], [-1.0862671469222536], [-1.0989572326679056], [-1.1170296724728535], [-1.1593702343738566], [-1.3038664490322351], [-1.129384736329003], [-0.9856997653725245], [-0.7032098438102828], [-0.4059681852215297], [0.05882359820842196], [-0.7574981710716281], [-1.4941348304500766], [-1.3089566426609573], [-1.101974190657245], [-0.9580607778466869], [-0.7870550251113053], [-0.6690253646101009], [-0.42095634242343244], [-0.171487376731059], [0.7242534538684687], [0.5815491920745345], [0.5549065052487165], [0.5468378526405678], [0.5676487903896585], [0.6957939084513978], [1.441852791278125], [0.5015117414602897], [-0.18624486996883977], [0.30135284935064677], [0.3408454395587411], [0.3369766351700537], [0.3149427349589613], [0.2809784228031303], [0.2457332253739011], [0.6764091869254389], [2.019556654570232]], [[0.11433171473499987], [1.1806099362589597], [0.8989171657775517], [0.8067453872116331], [1.8140417480380062], [1.2542598087791628], [2.3190819627563686], [0.9713892135201907], [0.9193702887248191], [0.5670535503740286], [1.2615714658819495], [0.1690750701779749], [-0.009328154648035365], [-0.21603083877133086], [-0.4073055295625062], [-0.5264094089386334], [-0.6075546931764879], [-0.7810284737868937], [-0.7673722297343835], [-1.1131106054780782], [-0.5839897581730192], [-0.5268004826318385], [-0.48511347724135284], [-0.4350610457042596], [-0.37242131423297176], [0.40701403121506147], [-0.6177763215123531], [-0.5066066243390563], [-0.30050069198104956], [0.20190266527091053], [0.12854148554501776], [0.3098094641416576], [0.21373760636070718], [0.2164135827279569], [0.0984445336304735], [1.0080561429692059], [0.31400508730256255], [-0.346799192965451], [-0.03726940665571448], [-0.5593181196958704], [-1.1519514021231356], [-0.5546858018676366], [0.23464960467563187], [-0.42300876706611074], [-0.42412337098944514], [-0.4293067434493749], [-0.15731243583076546], [-0.39637077702245227], [-0.4607903690258258], [-0.5240404092024693], [-0.5774256674719799], [-0.6224301214733814], [-0.6636938265754548], [-0.7104407672008752], [-0.7719132845918919], [-0.8114218737438946], [-0.7469355782297654], [-0.6592070968316139], [-0.6030098194903802], [-0.5736003161081623], [-0.5640117013356705], [-0.5630300332139812], [-0.5423324885904981], [-0.37260522311977196]], [[-0.5833368828227314], [-1.1455803032893255], [-0.822122237433849], [-0.7471734543537785], [-0.7012733236840892], [-0.6537450952578375], [-0.5678939686720074], [-0.41747418858012564], [-0.027422480269151273], [-0.1530556108258055], [-0.22060905843152379], [-0.17802129788386015], [0.5052088841301802], [-0.0708012220382476], [-0.1866478899426065], [-0.441895443715203], [-0.510808626284021], [-0.5551424849394561], [-0.5943863801237768], [-0.6295049962172045], [-0.6715235789422174], [-0.7205446044855983], [-0.7640087087475059], [-0.8143804566568649], [-1.0602862501808161], [-0.8585141145671243], [-0.7795702516867015], [-0.7158584642219565], [-0.6148141952265707], [-0.4308040595592742], [-0.5306664205307322], [-0.5488715338190981], [-0.5557717450131965], [-0.5279560976504977], [-0.49306743488075583], [-0.4257084406182882], [-0.22820860147472488], [0.3251943520196609], [-0.3664767495292703], [-1.0053451699056373], [-0.7305144978219474], [-0.6367046479141162], [-0.5530384366613608], [-0.4390708154036892], [-0.3325246268057674], [0.03222401886058806], [0.12007342702493175], [0.14741451728127988], [0.2055787450058917], [0.648531881478062], [1.0545748351593507], [1.3068971651227188], [1.7676918324312572], [2.46970339565891], [1.8481684508446832], [1.6680530605383266], [1.682914356535106], [1.6581563652303104], [1.6134008670383166], [1.212738815191647], [0.7481194035185106], [1.0700510420334897], [1.3457208194099313], [2.2872759561024463]]], "inertia_": 59.0549922640473, "labels_": [0, 1, 2, 2, 3, 1, 3, 2, 1, 0, 3, 0, 3, 2, 0, 2, 1, 3, 1, 0, 3, 1, 0, 1, 3, 2, 2, 2, 1, 2, 0, 3, 3, 1, 1, 1, 2, 0, 2, 3, 2, 1, 0, 3, 3, 0, 1, 3, 0, 2, 2, 0, 0, 3, 0, 3, 0, 0, 2, 3, 0, 0, 1, 1, 2, 3, 3], "n_iter_": 49}}