{"hyper_params": {"dtw_inertia": false, "init": "k-means++", "max_iter": 50, "max_iter_barycenter": 100, "metric": "dtw", "metric_params": null, "n_clusters": 5, "n_init": 800, "n_jobs": -1, "random_state": 0, "tol": 0.0005, "verbose": false}, "model_params": {"cluster_centers_": [[[0.7375101747255708], [0.35941928906985876], [0.34250438471682343], [0.3377379467197423], [0.3377379467197423], [-0.07704059081135564], [0.31549162558896476], [0.846446241568043], [1.0111870062913315], [0.7757583579276287], [0.5378123691407044], [0.4010037916924601], [0.3088334023929732], [0.9097512772824558], [1.7905137958512531], [0.7420761989068904], [0.26209300652694056], [-0.08080358694785428], [-0.4231846199070806], [-0.7420421501814148], [-0.636376719032632], [-0.854101190444195], [-0.9533099141801699], [-0.7238600784632679], [-1.1548817073804336], [-1.1263759585595357], [-1.1358264843078414], [-1.0906138132457366], [-1.1107299855826482], [-1.4073625835235652], [-1.1999966158783306], [-1.2190067755713503], [-1.2200138725859515], [-1.2149590161234791], [-1.0583186568310523], [-0.5735447082203249], [0.07467470485383049], [-0.7445197570014153], [-0.7915752208839822], [-1.483169979265839], [-1.5332044680657853], [-1.307237575611599], [-1.2519326911936584], [-0.9862613429339372], [-0.6759848135616413], [-0.43112919448752207], [0.0227452369686566], [0.8431445783979807], [0.645708255883755], [0.645708255883755], [0.6512850636735216], [0.5888076516663059], [0.825755401588597], [1.7571030394311868], [1.0161518768492133], [0.3132530927101583], [0.5863655751915746], [0.46512226765338155], [0.46512226765338155], [0.4385736938711937], [-0.04325918367972841], [0.6288980642793367], [1.6468880549585379], [2.5928732153463927]], [[-1.2349091324957726], [-1.5036776340605136], [-1.5259572478397772], [-1.6915837209955629], [-1.3376997112076228], [-1.0627210908565068], [-0.5213493987004899], [0.15758285464410807], [1.077770468353665], [1.5595537832496418], [1.3862532311549574], [1.2775701532681734], [1.8773749598357643], [1.0399475663497342], [0.8883711883957204], [0.9935098631264863], [0.7290439410313314], [0.288819468776829], [0.4172952726913456], [-0.0899632085391731], [-0.34586050937509777], [-0.16149546604942702], [-0.3992557757680452], [-0.4339558903478375], [-0.8220779417658789], [-0.33568541170724614], [-0.32063713997784277], [-0.32063713997784277], [-0.20582017323174576], [-0.2965281859420666], [-0.2965281859420666], [-0.365100615762201], [-0.2904241881624762], [-0.2904241881624762], [-0.29287386787053116], [-0.2162903481855815], [0.323242322727682], [0.15054710072157182], [-0.3486272237649374], [-0.6647344585281981], [-1.2146135192715086], [-0.6872898587028485], [-0.38233084411819096], [-0.3555332051431117], [-0.3555332051431117], [-0.3555332051431117], [-0.3555332051431117], [-0.3555332051431117], [-0.3555332051431117], [-0.3555332051431117], [-0.32870459646525735], [-0.2451000992960737], [0.27444837794616533], [1.2204452261287728], [1.9932678031431663], [0.6880576600223146], [-0.2757366660325077], [0.28872498515574185], [0.7264191023665487], [0.29308879467578625], [-0.3042805453698149], [-0.007323863147749], [0.11307406096034635], [0.779627041783745]], [[-0.4963831202689695], [-0.7824539274243097], [-1.0717734718404368], [-0.7987016421021909], [-0.664636046442889], [-0.6760398472273188], [-0.638292925187445], [-0.7245690370321116], [-0.5740241398701945], [-0.5115425257950994], [-0.6106358693992363], [-0.3422533923966157], [-0.08258052718325472], [0.08574057728407518], [-0.07962105337152282], [0.6620404286217615], [0.3086882082101918], [-0.0765587485152254], [-0.1634894336668761], [-0.1004312216911448], [-0.2186925695773955], [-0.44762267019498664], [-0.5489307722731591], [-0.4785973489755708], [-0.4996402569333711], [-0.4830320899856198], [-0.49573910752510286], [-0.4960053874969952], [-0.4960053874969952], [-0.5703274986072364], [-0.5410401870885967], [-0.782403509016876], [-1.0480748335683086], [-0.5895358896281085], [-0.368608806007691], [-0.4704595021174994], [-0.1964543508483331], [0.28178033160558497], [-0.19937983788916186], [-0.6169619782716819], [-1.058305008625424], [-0.7115941602375229], [-0.5942661376234121], [-0.445232477334968], [-0.4878795504153573], [-0.1752295533408762], [0.09452882314574744], [0.15899897909616767], [0.12057310841930768], [0.12252342057519822], [0.25839988447618917], [0.8204623458869442], [1.3260362820201288], [2.326569207543003], [1.5584019605843502], [1.1993537634601152], [1.1604567593204869], [0.7479569201995421], [1.1317132372449363], [1.1549036374158588], [1.1393469040077546], [1.1343990019022727], [1.5136890312747877], [2.4245443726672913]], [[0.08359915498028958], [-0.5377447018713702], [-0.21758187303680182], [0.0822885658859159], [0.08169670485534467], [0.08252289240219822], [0.23822097604408304], [0.879251147994455], [1.565954070691275], [1.037581684111444], [0.776078203819904], [1.291135275766553], [2.407702762346296], [2.299910971009608], [1.9542248229018246], [2.7064528331431377], [2.068644668905817], [1.1641670936683308], [0.8272571393484103], [0.5363155013891318], [0.31533493969449633], [-0.007098924570514174], [-0.16340838337897268], [0.005165308914235186], [-0.592191934993376], [-0.4975993162563025], [-0.5173808165527527], [-0.30976826988827183], [-0.6255345964274422], [-0.836162525249933], [-0.7488450387537602], [-0.7888203997681057], [-1.105763445553733], [-0.610945136853484], [-0.14619171395602165], [-0.04448497118653004], [0.605711731234936], [0.12303341110010851], [-0.3499618824473473], [-1.3619029497719615], [-0.9908766753027275], [-0.7530153330701902], [-0.5404951788150939], [-0.5053318972161928], [-0.5604774668137158], [-0.5606832991825023], [-0.5587697609822538], [-0.5537736238116314], [-0.5580929370347119], [-0.6644622062935157], [-0.5330894682534917], [-0.2800730705431378], [0.08367905937250947], [0.568473260780494], [-0.13596250828737322], [-0.42312531886427246], [-0.6500947995706848], [-0.89715392791405], [-0.6726305243868282], [-0.6729111873814072], [-0.6729111873814072], [-0.6851999834530013], [-0.5237366418647481], [0.04039110807957409]], [[1.6445385388052305], [1.8592812192046513], [0.7440657069235952], [1.3090048599743807], [2.1936252638129714], [1.3000949113107791], [0.9968711863068682], [0.7906191004053318], [-0.02459405696951721], [0.014125573995434827], [1.8878403630869371], [0.3588031380515201], [-0.42564834776191435], [-0.7488595171795133], [-1.002766857728297], [-0.16032392340582943], [-0.5387530024366027], [-0.45402431472938937], [-0.3999977644187691], [-0.39881456746314214], [-0.4188066004299136], [-0.39881456746314214], [-0.3988145674631421], [-0.33519872131403966], [0.5767984784666306], [0.18058981278605224], [-0.40289855339394587], [-0.40289855339394587], [0.029560253665980064], [2.189405618419377], [0.34075461956244135], [0.4657782988292143], [0.4657782988292125], [0.4089996719621469], [-0.3905013735970665], [-0.37577941735402165], [-0.37577941735402165], [-0.48740617410199694], [0.1813810652939976], [0.46265420875412144], [-1.045326268230254], [-0.4433668073168511], [0.7569199618043719], [-0.5464895538339907], [-0.44032049898110137], [-0.44032049898110137], [-0.5456167205041295], [0.16906797653161834], [-0.38727970076632234], [-0.6332338138498925], [-0.6548789656496095], [-0.7366318576601554], [-0.5777142020454501], [-0.5003932461916788], [-0.4645790413070408], [-0.47580660296007304], [-0.47580660296007304], [-0.47580660296007304], [-0.5329076152908238], [-0.6143145308433394], [-0.5318969299674869], [-0.6474741556927832], [-0.4366541363684609], [-0.3168572278270824]]], "inertia_": 6.7556381395960905, "labels_": [0, 1, 0, 2, 2, 2, 0, 0, 3, 1, 2, 3, 3, 3, 1, 2, 3, 4, 1, 2, 4, 3, 1, 0, 3, 3, 3, 1, 1, 2, 1, 3, 3, 2, 0, 3, 1, 3, 3, 2, 4, 2, 2, 1, 0, 1, 3, 0, 0, 2, 1, 3, 2, 3, 4, 3, 1, 0, 2, 3, 1, 4, 3, 2, 3, 3, 2], "n_iter_": 5}}