{"hyper_params": {"dtw_inertia": false, "init": "k-means++", "max_iter": 50, "max_iter_barycenter": 100, "metric": "softdtw", "metric_params": {"gamma": 0.06}, "n_clusters": 4, "n_init": 200, "n_jobs": null, "random_state": 0, "tol": 0.0005, "verbose": false}, "model_params": {"cluster_centers_": [[[0.23811697854914735], [-0.44454394094125976], [-0.15952355839997012], [-0.0053949257984335025], [0.08455245999073879], [0.14576052498429565], [0.20148685252244497], [0.26996939647013196], [1.0582076055844765], [0.8144392250743917], [0.7543493061946588], [0.5679167348002405], [1.076391407074724], [1.8354192194560066], [1.4556299193148066], [2.5428622503148413], [1.5476863652447], [1.6251691577637528], [0.8033467919972703], [0.5279751082481356], [0.32046519114231814], [0.12348834510943803], [0.0035518762000640194], [-0.05374256860084121], [-0.25764963793722695], [-0.4453540956038123], [-0.4790085466683702], [-0.40210725097533423], [-0.1689991301170038], [-0.6136082056905067], [-0.6991993270030779], [-0.7954479798204923], [-1.1218398408706267], [-0.7366401522156358], [-0.49949606037760025], [-0.07807998634081947], [0.5102895903541695], [-0.12533864550768406], [-0.619555585520721], [-1.4411259232932363], [-1.1864073463349563], [-1.0347776409615979], [-0.924330232879023], [-0.7963993209676447], [-0.7300538693763425], [-0.6909426641991108], [-0.6611390140601044], [-0.6314585550496206], [-0.5910801702321187], [-0.5304361348694112], [-0.4399295035575657], [-0.34971408957563044], [-0.2567338805450486], [0.06118549996463132], [0.5911258677978638], [-0.08074318354744124], [-0.3268096791067575], [-0.3973798669386477], [-0.45530147586575526], [-0.5203429728723721], [-0.6047372156581107], [-0.8029920518503567], [-0.376500129491818], [0.5668557786414837]], [[-0.2844419493034765], [-0.8497844885970209], [-0.45159618097879123], [-0.2114333527248329], [-0.07414594056368973], [0.18635663139639985], [0.7206467934074984], [0.20204969802628278], [-0.1152661346490442], [-0.17131262030313582], [-0.28645113296061075], [-0.4332451757247569], [-0.47723454612301996], [-0.4924024006987158], [-0.50223297014995], [-0.5127925810774003], [-0.5252898165806423], [-0.5397242233758306], [-0.5561909975071598], [-0.575104094370494], [-0.5977894639810969], [-0.6267319371380855], [-0.6626273818415981], [-0.6992198245877828], [-0.7277247781406802], [-0.7469494672647616], [-0.7612805693419765], [-0.7769020656272869], [-0.8045363705116614], [-0.8785753215445289], [-1.1862517364823981], [-0.8468381842004258], [-0.7082999222366573], [-0.5264457318557658], [-0.5163206345183736], [-0.5011662450357665], [-0.4327657565948999], [0.05253434687031364], [-0.6162501590931284], [-1.1724687192133874], [-0.8692309563143398], [-0.7794992725395691], [-0.713177428492638], [-0.6623580409364994], [-0.6167477557228265], [-0.5619850634150765], [-0.4802244484644563], [-0.3780548274304386], [-0.020004380671282743], [0.06428794503864962], [0.11372934507319422], [0.18952579402262912], [0.7468283998720454], [1.0430258417952796], [1.085955565072067], [1.1411366330165507], [1.8419388355570094], [2.4000649889082335], [1.5876335436452154], [1.4341743819990664], [1.116895590194762], [0.680805840193488], [1.5750637303744919], [2.547642697897318]], [[1.7056221137486376], [2.017510864678691], [1.1449915232533792], [0.6921536099889447], [1.5211523528561037], [1.2591662838660231], [2.134372852340728], [1.1249692667050033], [0.7580691048865895], [-0.21946073460787882], [1.8897231121657545], [0.3701556161504008], [-0.4089769047744056], [-0.4996300418667099], [-0.5181854246600663], [-0.5379459128417132], [-0.586550698211388], [-0.7954784288842188], [-0.6254517233753206], [-1.020561757817933], [-0.5000138970202491], [-0.5012827583102225], [-0.454614333382181], [-0.4162148679168758], [-0.3690116846164701], [0.022309212430236786], [-0.418127362370256], [-0.4289618904497607], [-0.4177068279802386], [0.6673913021397911], [0.07844974274215964], [0.5227141258160626], [0.22708804379737943], [0.20503157762384622], [-0.14535881805752057], [2.1893551049687447], [0.5059586228761384], [-0.3743810736414133], [0.6080752557633675], [-0.5512352559982447], [-1.198960642394654], [-0.307007785586318], [0.7516698082046486], [-0.5036238581529681], [-0.46708467773066825], [-0.46361713706914415], [-0.5191165546723875], [0.14394660673269336], [-0.40010464298134674], [-0.5496455848991088], [-0.6363272579152346], [-0.6045728368092314], [-0.5205491432384161], [-0.4754198721303535], [-0.4569181958523345], [-0.44992017436425186], [-0.4493650297149239], [-0.45515759590318955], [-0.46920324880534586], [-0.4918666510986892], [-0.5166092097823184], [-0.5213651906761104], [-0.45437179600869687], [-0.3557926232630315]], [[-1.2165791839741957], [-1.467878503514071], [-1.698353331781501], [-1.4235739384994581], [-1.3846002068993386], [-1.3585704016591003], [-1.3363983860905257], [-1.3188264065102913], [-1.3049669748484987], [-1.288036695013267], [-1.249087687308067], [-1.164743230110443], [-1.1112192858715317], [-1.0286818866393541], [-0.4725138582102446], [0.39715665916317605], [0.07983676672779944], [0.15202743235374597], [1.1351508454368144], [1.0568811963729066], [1.7026291772129942], [0.8400240072064876], [0.5511154234330257], [0.07189896105237112], [-0.3911797092645133], [-0.2405095649358397], [-0.1555183644832612], [0.03144093171563435], [-0.6184859898540684], [-0.9732582155347732], [-0.6826817909858085], [-0.7213701744360503], [-0.7914655620282496], [-0.881667854489173], [-0.4393740416960913], [-0.31350509120280295], [-0.05377583449965907], [1.5481656922718294], [0.5873028594777189], [-0.3943501296505451], [-1.017007326968375], [-0.5464187606915218], [-0.4478677698633646], [-0.4116038681323047], [-0.38667995493096763], [-0.3414477550801541], [-0.2456928571490864], [0.11398156731824585], [0.2822353706578874], [0.441544965573113], [0.29792046247296444], [0.36710077856789103], [0.7796140459720771], [1.0405311915287356], [1.0835350734995564], [1.129536486234374], [1.7047408712019148], [0.77803459298], [0.6338664912037818], [0.47678968426177026], [0.3114289500881765], [-0.27698629830146876], [0.08502303123750604], [0.679548836476081]]], "inertia_": 47.84100883803265, "labels_": [1, 1, 1, 0, 3, 0, 0, 0, 1, 0, 1, 2, 1, 3, 0, 1, 2, 3, 3, 0, 0, 3, 0, 3, 1, 1, 0, 0, 0, 3, 0, 1, 1, 3, 2, 0, 1, 1, 0, 0, 0, 1, 1, 3, 3, 1, 1, 0, 0, 0, 0, 1, 1, 0, 1, 0, 2, 0, 3, 0, 3, 0, 3, 3, 0, 2, 1], "n_iter_": 43}}