{"hyper_params": {"dtw_inertia": false, "init": "k-means++", "max_iter": 50, "max_iter_barycenter": 100, "metric": "softdtw", "metric_params": {"gamma": 0.06}, "n_clusters": 4, "n_init": 200, "n_jobs": null, "random_state": 0, "tol": 0.0005, "verbose": false}, "model_params": {"cluster_centers_": [[[0.9931752037030056], [0.9925038715226712], [0.9918376259661671], [0.9911778497046041], [0.99052553812564], [0.9898814797156283], [0.9892464578426011], [0.9886215062238294], [0.9880080166448877], [0.9874078865826577], [0.9868234257211932], [0.986257233747417], [0.9857120844160288], [0.9851908338798913], [0.9846961918008222], [0.9842306780565987], [0.9837967549568263], [0.9833967961979456], [0.9830327856478531], [0.9827063763035551], [0.982418772136416], [0.9821709182558052], [0.9819634594764227], [0.9817965439013929], [0.9816698041479575], [0.9815823532003509], [0.981532740479464], [0.9815189066773286], [0.9815383429434088], [0.9815881353868383], [0.9816650164251537], [0.9817654205182409], [0.981885707099332], [0.9820220166459606], [0.9821703685420948], [0.9823267119916326], [0.9824869900313613], [0.9826473595183072], [0.9828040806148011], [0.9829535701197638], [0.983092619084178], [0.9832184453654225], [0.9833285804939192], [0.9834209188449389], [0.9834937621006776], [0.9835458558936542], [0.9835764150350239], [0.9835852983770648], [0.9835731654525514], [0.9835411187132349], [0.9834908187414204], [0.9834242500240763], [0.9833436342005953], [0.9832513307180794], [0.9831498956395875], [0.9830418112620433], [0.9829293633595148], [0.9828145801107939], [0.9826991655320485], [0.9825844551649064], [0.9824713837708491], [0.9823604681473779], [0.982251865096078], [0.9821455797708271], [0.9820413581817325], [0.9819387369487984], [0.9818371280171228], [0.9817358855466608], [0.9816345315560894], [0.9815328077561767], [0.9814305516735976], [0.9813277257346681], [0.9812244346586748], [0.9811209319114821], [0.9810176162435827], [0.9809149868874151], [0.9808136553597705], [0.9807144819179344], [0.9806183754954186], [0.9805262521756567], [0.9804389710779549], [0.9803572824348418], [0.9802817778374739], [0.9802128609244287], [0.9801507048221981], [0.9800952778156824], [0.9800463517907206], [0.9800035285096244], [0.9799662807906102], [0.97993400348555], [0.9799060548835151], [0.9798818207861734], [0.9798607565264098], [0.9798424155302392], [0.9798264618652572], [0.9798126660069382], [0.9798008845780923], [0.9797910258276618], [0.9797830028636529], [0.9797766766087992], [0.979771780632489]], [[0.15142122759537954], [0.1626967147745196], [0.17308551808985756], [0.18285685365682075], [0.19217738265558099], [0.20115702039946573], [0.20987155920086478], [0.21837294180609765], [0.2266926827200737], [0.23484097647344226], [0.24280222899667211], [0.2505266646012312], [0.2579173980229495], [0.26481372328730113], [0.27097597036737164], [0.27608600261817734], [0.2797851157883216], [0.2817614792188247], [0.2818597335655084], [0.2801456621618329], [0.276878788808991], [0.2724177739773424], [0.2671241245710866], [0.26130579800343035], [0.2552014204172941], [0.248987480344531], [0.24279287086195797], [0.2367127900193732], [0.23081957211823434], [0.2251705035471856], [0.21981330592539255], [0.21478985782595544], [0.2101384650202011], [0.20589481236060278], [0.2020917012569991], [0.1987577834155533], [0.19591568918369515], [0.19358013120461365], [0.19175664530020892], [0.19044154276564088], [0.1896233877196142], [0.1892859471925434], [0.18941219760109448], [0.18998870667596535], [0.19100959760859693], [0.19247934729742505], [0.1944138480977898], [0.19683943290943512], [0.19978987807679183], [0.20330170548381604], [0.20740836642224184], [0.21213409856717408], [0.21748841793738038], [0.2234623282082768], [0.2300273174146355], [0.23713793416462384], [0.24473811144065807], [0.25277051681961205], [0.2611873101780354], [0.2699601137091745], [0.2790869982882435], [0.2885949183532179], [0.29853708160908315], [0.3089858299115794], [0.3200223760272275], [0.3317251091405823], [0.3441583863642164], [0.3573640098876472], [0.37135770868567664], [0.38613200039170553], [0.4016639085060223], [0.4179216184367614], [0.4348609513126287], [0.45240468710598836], [0.47040885015799844], [0.4886387319562275], [0.5067892546454099], [0.5245633507743488], [0.5417691322645107], [0.5583704480157818], [0.574464549942063], [0.5902036560956735], [0.6056578891956399], [0.6205731766475047], [0.6340765638005456], [0.6448249188043955], [0.6520500863287014], [0.6562723177456637], [0.6586668760181074], [0.6602678786015729], [0.6617358263468802], [0.66341538085893], [0.6654385385991347], [0.6678298945076958], [0.6706285603774149], [0.674047242162947], [0.678743725546939], [0.7688162678653092], [0.6711578215983308], [0.6561357673561579], [0.6310324397448642]], [[0.3209690609418245], [0.39985306819831057], [0.4325627889605045], [0.4577348844421522], [0.47936097816306805], [0.49888790020601803], [0.5170304764899393], [0.5342048357794263], [0.5506797447196282], [0.566640681939049], [0.5822190933128697], [0.5975043275065597], [0.6125445165064447], [0.627337781856774], [0.6418113503087608], [0.6557816513168191], [0.6688873596326166], [0.6805094424912344], [0.6897651391461006], [0.6957226672757664], [0.6978109367590069], [0.696083677930543], [0.6911071439625865], [0.6836481276060697], [0.6744219117055955], [0.6639845033196334], [0.6527293299915581], [0.6409270004333188], [0.628768230710999], [0.6163942067954477], [0.603913274697047], [0.5914085025733553], [0.5789411093318447], [0.5665532236505683], [0.5542716727570117], [0.542113113130829], [0.5300899241679538], [0.5182158613884514], [0.5065104230014192], [0.49500113965981357], [0.4837234744775085], [0.4727185987682684], [0.4620298030251163], [0.45169855016612914], [0.4417611327473278], [0.4322466280505815], [0.4231764661137411], [0.41456552369914274], [0.40642429249004836], [0.3987614005536173], [0.39158566075809664], [0.3849069559873382], [0.3787356909924776], [0.3730811828483355], [0.36795000454119076], [0.3633456090630934], [0.35927029423868123], [0.35572973663062185], [0.3527391828132807], [0.3503292290559775], [0.34854821550047504], [0.34745816916857514], [0.3471230088113374], [0.34759183561833673], [0.34888429255979725], [0.35098475585632904], [0.3538465818334363], [0.3574019926850763], [0.3615722782776002], [0.36627556181611126], [0.37143167622696804], [0.37696443333426183], [0.38280164525685717], [0.38887350996782033], [0.39511041977120076], [0.40144156018504384], [0.4077955720410389], [0.4141039306113573], [0.4203066013625209], [0.42635831516952644], [0.43223313751720016], [0.43792547854333735], [0.4434472158197893], [0.44882230449439536], [0.45408113229331526], [0.4592565978839446], [0.46438286227291975], [0.4694966158623568], [0.4746399633157379], [0.47986374138940013], [0.48523011734146476], [0.49081352509969317], [0.49669940136003915], [0.5029811309330089], [0.5097580368764537], [0.5171432656046284], [0.5253042082983158], [0.5345875066228325], [0.5458553111694288], [0.5615520172220227], [0.692765720748248]], [[0.9850454322084224], [0.9846765383112501], [0.9842966969488275], [0.9839020799886384], [0.9834892701332882], [0.9830552566532058], [0.9825976748074697], [0.9821149732741169], [0.9816067557442854], [0.9810735593629747], [0.9805168460093179], [0.9799392249925196], [0.979344413527526], [0.978736933810464], [0.978121790388836], [0.9775046225474967], [0.9768915726172995], [0.9762888726445502], [0.9757031667424537], [0.9751410732249842], [0.9746087156786158], [0.9741116131910855], [0.9736544898690249], [0.9732412470886144], [0.9728749406771985], [0.9725577703690599], [0.9722910957459064], [0.9720754718698725], [0.9719106154038766], [0.9717955081460048], [0.9717284939306019], [0.9717073403350134], [0.9717292512895492], [0.9717909122162899], [0.9718886086728915], [0.9720182598532361], [0.9721754918356174], [0.9723556887592806], [0.9725540435991098], [0.9727656094709493], [0.972985352367573], [0.9732084582067289], [0.9734301381393877], [0.9736456884555922], 