{"hyper_params": {"dtw_inertia": false, "init": "k-means++", "max_iter": 50, "max_iter_barycenter": 100, "metric": "dtw", "metric_params": null, "n_clusters": 5, "n_init": 100, "n_jobs": -1, "random_state": null, "tol": 0.0005, "verbose": false}, "model_params": {"cluster_centers_": [[[-1.1564210834939068], [-1.358838001377706], [-1.3797566897154128], [-1.3859662056093964], [-1.442739528009206], [-1.307208447771314], [-1.3021474563358804], [-1.3044747545007005], [-1.2868306515442467], [-1.3030832906145384], [-1.5786280475519285], [-1.0663854633008822], [-0.7050089286960385], [-0.0030768050576594295], [1.1494152071431532], [1.7191154807727507], [0.6855984747101873], [-0.1738984033251343], [0.1262858986530707], [0.016708875227826027], [0.03175519046821407], [-0.03383358579109425], [0.07702829700279608], [-0.5364757067784637], [-0.8624031820905864], [-0.4113225457664758], [-0.3393085162611666], [0.0034186105250438806], [-0.4361796017425832], [-0.4548803385844486], [-0.58471295343953], [-1.0755354032499644], [-0.34029901788217254], [0.20091282754184026], [1.2436030547380907], [1.802129352198433], [2.2692578322712897], [1.9351113717509092], [0.9275339903187367], [-0.2762347259464158], [0.3031883866631824], [0.36643729545892134], [0.36643729545892134], [0.556259421959454], [0.3687173750088862], [0.3687173750088862], [0.3687173750088862], [0.3687173750088862], [0.3687173750088862], [0.11423551247172904], [0.4006748703976295], [0.5450146768010009], [0.8518561390760194], [0.48759162585542604], [0.4290322284351331], [0.3841356573202088], [-0.31487316861732023], [0.10368037888050345], [0.22097050076615524], [0.11419687581503937], [0.1014314049207758], [-0.234021912733166], [0.06147601620929082], [0.6181393478338003]], [[0.16570536170960648], [-0.15234372570599194], [-0.41129852636327435], [0.18166327757645556], [0.7189845077047967], [0.8294075827998382], [1.0134123160726076], [1.4825551917239557], [1.8513910355473646], [1.5973720870123809], [1.074602457998355], [1.4030558914573183], [2.426052550808793], [2.6308042031168184], [2.1059337119904216], [2.4260020934222077], [1.4619750621639858], [0.668050921012525], [0.7984998815371712], [0.5392923551959323], [0.5214721363863509], [0.307050480891837], [-0.017616685576455966], [0.05555653493912244], [-0.30553509435920206], [-0.4583303282022942], [-0.5641486522088264], [-0.25978507562300995], [-0.3862010942834944], [-0.7880418371563993], [-0.6782891793094672], [-0.783055672641903], [-1.119455913335555], [-0.8476508804267141], [-0.7662947627379266], [-0.3766060875513428], [0.4956472370261795], [-0.11769651704937276], [-0.4575778172410417], [-1.1924539684654416], [-1.3854679816861268], [-1.0592697788306518], [-0.8706632969437393], [-0.8831131960452525], [-0.9002934754565743], [-0.7683448585522286], [-0.6544069018245509], [-0.7319979318842036], [-0.7034403569671434], [-0.7065361491852421], [-0.616684479976183], [-0.46792115461300954], [-0.27138697852369914], [0.11003424437121238], [0.057749723423637545], [0.5654067764218818], [-0.10733522383820095], [-0.4082230032672686], [-0.6187381653334129], [-0.6601999077583018], [-0.8914258070062852], [-0.6744167285369808], [-0.5246509313336455], [0.025926205826976297]], [[-0.6608025375153486], [-0.95808514168632], [-1.158051998291193], [-0.8254742446959276], [-0.7125279858346012], [-0.6467814158533237], [-0.6784285906306574], [-0.6891420899928677], [-0.6520244240267777], [-0.7209711668777791], [-0.6522906599488686], [-0.4278426425543378], [-0.09329520157259945], [0.11936672694506688], [-0.015623542642337663], [0.9287786660651566], [0.43192189714377216], [-0.047925204844604316], [-0.15978821153520673], [-0.0925575349277629], [-0.21821021705690422], [-0.4583898271306305], [-0.4673740633701701], [-0.34283440663614634], [-0.49684585261707365], [-0.4835489297937791], [-0.48430765493415506], [-0.4688801291229107], [-0.4804304608686874], [-0.4804304608686874], [-0.48437187119207775], [-0.6089928635130236], [-0.8487600271574751], [-0.41079334142684387], [-0.5068827416033953], [-0.45396180978122846], [-0.1997800265066192], [0.18823675603222753], [-0.3146478732660677], [-0.5861058144816093], [-1.0305595889908767], [-0.7052069612886793], [-0.5716205829802906], [-0.4211869676181403], [-0.4391353420928937], [-0.3189459340989126], [0.015736537555292397], [0.15363657760477242], [0.12027499770052713], [0.12235533066681038], [0.2475963515709382], [0.8089059260256072], [1.369760480323916], [2.2142308976796303], [1.5067743548976886], [1.2086813230981097], [1.2009278090511695], [0.7987483114943098], [1.2198334791022802], [1.2200769520516708], [1.2069940369422436], [1.291388544099141], [1.7916288144681651], [2.5421474268670847]], [[0.6348138370101577], [0.2917455362843112], [0.019610157636466466], [-0.24161421842431324], [0.15511738117995533], [0.08861995587983577], [0.2824870556042982], [0.367054733663185], [0.962962472254436], [0.5775230713262819], [0.344747934606593], [0.380377610017017], [0.380377610017017], [0.33876076901542884], [0.8673673705670584], [1.7161007691628598], [0.7103828979628432], [0.2756032447411832], [-0.12242666053213735], [0.005061858175862586], [-0.42769590031669696], [-0.6438697448573077], [-0.7799763810206657], [-0.9010034779613567], [-1.160126293118027], [-1.1331311182860162], [-1.1331311182860162], [-1.1331311182860162], [-1.1331311182860162], [-1.1305663821935852], [-1.1384418203171731], [-1.1092111402219746], [-1.1682957221691757], [-1.441889266574757], [-1.2421135823881326], [-1.0666300975669578], [-0.5506841440682768], [0.1494440941990488], [-0.693249489017594], [-1.463996396299566], [-1.0582798416217019], [-0.7435866690192884], [-0.5454923236710957], [-0.2010083961942888], [0.7824888155713139], [0.5481738941410326], [0.5199596978376], [0.5366324000575899], [0.5366324000575899], [0.474778274246921], [0.5386179409840249], [0.544736063565022], [0.544736063565022], [0.8666076695992962], [1.9737252946109038], [1.0657557407478653], [0.5741070837430375], [0.31114660715270637], [0.5472273474346172], [0.4341843298305176], [-0.009518687879219837], [0.6431255079651237], [1.5565190540215919], [2.3549057031645946]], [[1.574302040491947], [1.9978902577934998], [0.6608655865555794], [1.2318768157299769], [2.1679952104275215], [1.3006186225333403], [1.000029090301545], [0.7518950064207661], [-0.2768024637939368], [-0.2284029250877468], [2.335533400370833], [0.47607617835733573], [-0.47029422828825473], [-0.5443803385854766], [-1.008634018389858], [-0.14755880263484566], [-0.5888070837074713], [-0.4596589584035569], [-0.3256749868117142], [-0.45793818465409974], [-0.4651631513710428], [-0.445896573459195], [-0.445896573459195], [-0.2552386967189737], [0.8286877177726175], [0.3555429078328382], [-0.5245597916247686], [-0.5245597916247686], [0.016013717200138694], [2.5624814185191704], [0.3449366199729487], [0.5012162190564149], [0.5012162190564127], [0.4309095719524093], [-0.4180504798932812], [-0.3996480345894752], [-0.41398867314467985], [-0.5483088832855487], [0.2968025687205489], [0.6483939980457036], [-1.2365815981847659], [-0.4535581734983913], [1.0162261893585167], [-0.5779788131442823], [-0.4610121242333164], [-0.4610121242333164], [-0.5926324011371016], [0.3007234701575833], [-0.37091042426338006], [-0.6544366529311214], [-0.7250388941802861], [-0.7842624766490003], [-0.5835725509495449], [-0.493531930286922], [-0.46861570312452455], [-0.4481124996497746], [-0.45765263931884703], [-0.45765263931884703], [-0.5290289047322856], [-0.63078754917293], [-0.5277655480781145], [-0.6722370802347348], [-0.4273401096054178], [-0.4329120061047982]]], "inertia_": 6.939095841999394, "labels_": [4, 2, 3, 2, 3, 0, 2, 2, 0, 2, 1, 1, 1, 1, 2, 1, 1, 2, 0, 0, 2, 3, 0, 1, 1, 1, 1, 4, 3, 3, 3, 3, 3, 1, 2, 4, 0, 4, 1, 1, 1, 1, 2, 3, 2, 0, 0, 1, 0, 1, 0, 0, 2, 0, 2, 3, 3, 1, 1, 1, 1, 3, 0, 1, 1, 2, 2], "n_iter_": 5}}